{
  "_id": "b759f49b-74bc-49d1-b888-cadbc85ce3a9",
  "aiPersonaId": "ab406a34-4a5f-45fe-8b1a-07a33e700636",
  "integrationId": "risk-assessment-3650",
  "name": "Workflow for Risk Assessment",
  "publisherAccountId": "ae529c45-c36f-4ab2-9c40-325c9af8dca3",
  "startTaskId": "980e8aeb-acdb-4595-9955-9f522d1171bf",
  "status": "Active",
  "tasks": [
    {
      "_id": "980e8aeb-acdb-4595-9955-9f522d1171bf",
      "transitions": [],
      "type": "Display",
      "config": {
        "name": "Display",
        "description": "Display the response to the user",
        "type": "text",
        "text": "Hi there! Intent $input.intent has been matched"
      }
    }
  ],
  "type": "Conversational",
  "version": "latest"
}