{
  "_id": "71482dff-aef0-484a-9ea2-9829fd15f159",
  "aiPersonaId": "ab406a34-4a5f-45fe-8b1a-07a33e700636",
  "integrationId": "volatility-alerts-3650",
  "name": "Workflow for Volatility Alerts",
  "publisherAccountId": "ae529c45-c36f-4ab2-9c40-325c9af8dca3",
  "startTaskId": "7bf33865-02b4-4637-8c16-16a9ee3e16d2",
  "status": "Active",
  "tasks": [
    {
      "_id": "7bf33865-02b4-4637-8c16-16a9ee3e16d2",
      "transitions": [],
      "type": "Display",
      "config": {
        "name": "Display",
        "description": "Display the response to the user",
        "type": "text",
        "text": "Hi there! Intent $input.intent has been matched"
      }
    }
  ],
  "type": "Conversational",
  "version": "latest"
}